{"cameraMode":{"drawMode":0,"name":"Shaded","section":"Shading Mode"},"sceneLighting":true,"audioPlay":false,"sceneViewState":{"showFog":true,"showMaterialUpdate":false,"showSkybox":true,"showFlares":true,"showImageEffects":true,"showParticleSystems":true},"in2DMode":false,"pivot":{"x":-33.161720275878909,"y":30.064495086669923,"z":7.08793830871582},"rotation":{"x":0.10773584246635437,"y":0.8322726488113403,"z":-0.17200054228305818,"w":0.5165003538131714},"size":5.390007495880127,"orthographic":false}