{"cameraMode":{"drawMode":0,"name":"Shaded","section":"Shading Mode"},"sceneLighting":true,"audioPlay":false,"sceneViewState":{"showFog":true,"showMaterialUpdate":false,"showSkybox":true,"showFlares":true,"showImageEffects":true,"showParticleSystems":true},"in2DMode":false,"pivot":{"x":-15.563511848449707,"y":8.369861602783204,"z":-3.8829002380371095},"rotation":{"x":0.11271968483924866,"y":0.7184666395187378,"z":-0.11994633078575134,"w":0.6761984825134277},"size":10.0,"orthographic":false}