{"cameraMode":{"drawMode":0,"name":"Shaded","section":"Shading Mode"},"sceneLighting":true,"audioPlay":false,"sceneViewState":{"showFog":true,"showMaterialUpdate":false,"showSkybox":true,"showFlares":true,"showImageEffects":true,"showParticleSystems":true},"in2DMode":false,"pivot":{"x":-47.5029182434082,"y":-59.81888961791992,"z":67.27082061767578},"rotation":{"x":0.29777759313583376,"y":-0.2928714156150818,"z":0.09644242376089096,"w":0.90362548828125},"size":57.54330825805664,"orthographic":false}