{"cameraMode":{"drawMode":0,"name":"Shaded","section":"Shading Mode"},"sceneLighting":true,"audioPlay":false,"sceneViewState":{"showFog":true,"showMaterialUpdate":false,"showSkybox":true,"showFlares":true,"showImageEffects":true,"showParticleSystems":true},"in2DMode":false,"pivot":{"x":-4.4329705238342289,"y":0.5830181837081909,"z":0.12429529428482056},"rotation":{"x":0.001468017348088324,"y":0.599794328212738,"z":-0.0010573819745332003,"w":0.8002157807350159},"size":0.09189391136169434,"orthographic":false}