{"cameraMode":{"drawMode":0,"name":"Shaded","section":"Shading Mode"},"sceneLighting":true,"audioPlay":false,"sceneViewState":{"showFog":true,"showMaterialUpdate":false,"showSkybox":true,"showFlares":true,"showImageEffects":true,"showParticleSystems":true},"in2DMode":false,"pivot":{"x":4.028105735778809,"y":-1.7635160684585572,"z":1.7863916158676148},"rotation":{"x":0.23896470665931703,"y":0.5195280313491821,"z":-0.15408819913864137,"w":0.805778443813324},"size":4.735880374908447,"orthographic":false}