{"cameraMode":{"drawMode":0,"name":"Shaded","section":"Shading Mode"},"sceneLighting":true,"audioPlay":false,"sceneViewState":{"showFog":true,"showMaterialUpdate":false,"showSkybox":true,"showFlares":true,"showImageEffects":true,"showParticleSystems":true},"in2DMode":false,"pivot":{"x":-90.92668151855469,"y":20.695838928222658,"z":-9.966667175292969},"rotation":{"x":-0.0025619864463806154,"y":-0.30439645051956179,"z":-0.0008247638470493257,"w":0.9526061415672302},"size":45.579429626464847,"orthographic":false}