{"cameraMode":{"drawMode":0,"name":"Shaded","section":"Shading Mode"},"sceneLighting":true,"audioPlay":false,"sceneViewState":{"showFog":true,"showMaterialUpdate":false,"showSkybox":true,"showFlares":true,"showImageEffects":true,"showParticleSystems":true},"in2DMode":false,"pivot":{"x":28.65969467163086,"y":-11.308013916015625,"z":-0.39224743843078616},"rotation":{"x":-0.1701686978340149,"y":-0.6910416483879089,"z":0.17261479794979096,"w":-0.6810821890830994},"size":49.42976379394531,"orthographic":false}